Level1;Level2;Primarykey;nr
CbeTest;ManyObjects;object0001;1
CbeTest;ManyObjects;object0002;2
CbeTest;ManyObjects;object0003;3
CbeTest;ManyObjects;object0004;4
CbeTest;ManyObjects;object0005;5
CbeTest;ManyObjects;object0006;6
CbeTest;ManyObjects;object0007;7
CbeTest;ManyObjects;object0008;8
CbeTest;ManyObjects;object0009;9
CbeTest;ManyObjects;object0010;10
CbeTest;ManyObjects;object0011;11
CbeTest;ManyObjects;object0012;12
CbeTest;ManyObjects;object0013;13
CbeTest;ManyObjects;object0014;14
CbeTest;ManyObjects;object0015;15
CbeTest;ManyObjects;object0016;16
CbeTest;ManyObjects;object0017;17
CbeTest;ManyObjects;object0018;18
CbeTest;ManyObjects;object0019;19
CbeTest;ManyObjects;object0020;20
CbeTest;ManyObjects;object0021;21
CbeTest;ManyObjects;object0022;22
CbeTest;ManyObjects;object0023;23
CbeTest;ManyObjects;object0024;24
CbeTest;ManyObjects;object0025;25
CbeTest;ManyObjects;object0026;26
CbeTest;ManyObjects;object0027;27
CbeTest;ManyObjects;object0028;28
CbeTest;ManyObjects;object0029;29
CbeTest;ManyObjects;object0030;30
CbeTest;ManyObjects;object0031;31
CbeTest;ManyObjects;object0032;32
CbeTest;ManyObjects;object0033;33
CbeTest;ManyObjects;object0034;34
CbeTest;ManyObjects;object0035;35
CbeTest;ManyObjects;object0036;36
CbeTest;ManyObjects;object0037;37
CbeTest;ManyObjects;object0038;38
CbeTest;ManyObjects;object0039;39
CbeTest;ManyObjects;object0040;40
CbeTest;ManyObjects;object0041;41
CbeTest;ManyObjects;object0042;42
CbeTest;ManyObjects;object0043;43
CbeTest;ManyObjects;object0044;44
CbeTest;ManyObjects;object0045;45
CbeTest;ManyObjects;object0046;46
CbeTest;ManyObjects;object0047;47
CbeTest;ManyObjects;object0048;48
CbeTest;ManyObjects;object0049;49
CbeTest;ManyObjects;object0050;50
CbeTest;ManyObjects;object0051;51
CbeTest;ManyObjects;object0052;52
CbeTest;ManyObjects;object0053;53
CbeTest;ManyObjects;object0054;54
CbeTest;ManyObjects;object0055;55
CbeTest;ManyObjects;object0056;56
CbeTest;ManyObjects;object0057;57
CbeTest;ManyObjects;object0058;58
CbeTest;ManyObjects;object0059;59
CbeTest;ManyObjects;object0060;60
CbeTest;ManyObjects;object0061;61
CbeTest;ManyObjects;object0062;62
CbeTest;ManyObjects;object0063;63
CbeTest;ManyObjects;object0064;64
CbeTest;ManyObjects;object0065;65
CbeTest;ManyObjects;object0066;66
CbeTest;ManyObjects;object0067;67
CbeTest;ManyObjects;object0068;68
CbeTest;ManyObjects;object0069;69
CbeTest;ManyObjects;object0070;70
CbeTest;ManyObjects;object0071;71
CbeTest;ManyObjects;object0072;72
CbeTest;ManyObjects;object0073;73
CbeTest;ManyObjects;object0074;74
CbeTest;ManyObjects;object0075;75
CbeTest;ManyObjects;object0076;76
CbeTest;ManyObjects;object0077;77
CbeTest;ManyObjects;object0078;78
CbeTest;ManyObjects;object0079;79
CbeTest;ManyObjects;object0080;80
CbeTest;ManyObjects;object0081;81
CbeTest;ManyObjects;object0082;82
CbeTest;ManyObjects;object0083;83
CbeTest;ManyObjects;object0084;84
CbeTest;ManyObjects;object0085;85
CbeTest;ManyObjects;object0086;86
CbeTest;ManyObjects;object0087;87
CbeTest;ManyObjects;object0088;88
CbeTest;ManyObjects;object0089;89
CbeTest;ManyObjects;object0090;90
CbeTest;ManyObjects;object0091;91
CbeTest;ManyObjects;object0092;92
CbeTest;ManyObjects;object0093;93
CbeTest;ManyObjects;object0094;94
CbeTest;ManyObjects;object0095;95
CbeTest;ManyObjects;object0096;96
CbeTest;ManyObjects;object0097;97
CbeTest;ManyObjects;object0098;98
CbeTest;ManyObjects;object0099;99
CbeTest;ManyObjects;object0100;100
CbeTest;ManyObjects;object0101;101
CbeTest;ManyObjects;object0102;102
CbeTest;ManyObjects;object0103;103
CbeTest;ManyObjects;object0104;104
CbeTest;ManyObjects;object0105;105
CbeTest;ManyObjects;object0106;106
CbeTest;ManyObjects;object0107;107
CbeTest;ManyObjects;object0108;108
CbeTest;ManyObjects;object0109;109
CbeTest;ManyObjects;object0110;110
CbeTest;ManyObjects;object0111;111
CbeTest;ManyObjects;object0112;112
CbeTest;ManyObjects;object0113;113
CbeTest;ManyObjects;object0114;114
CbeTest;ManyObjects;object0115;115
CbeTest;ManyObjects;object0116;116
CbeTest;ManyObjects;object0117;117
CbeTest;ManyObjects;object0118;118
CbeTest;ManyObjects;object0119;119
CbeTest;ManyObjects;object0120;120
CbeTest;ManyObjects;object0121;121
CbeTest;ManyObjects;object0122;122
CbeTest;ManyObjects;object0123;123
CbeTest;ManyObjects;object0124;124
CbeTest;ManyObjects;object0125;125
CbeTest;ManyObjects;object0126;126
CbeTest;ManyObjects;object0127;127
CbeTest;ManyObjects;object0128;128
CbeTest;ManyObjects;object0129;129
CbeTest;ManyObjects;object0130;130
CbeTest;ManyObjects;object0131;131
CbeTest;ManyObjects;object0132;132
CbeTest;ManyObjects;object0133;133
CbeTest;ManyObjects;object0134;134
CbeTest;ManyObjects;object0135;135
CbeTest;ManyObjects;object0136;136
CbeTest;ManyObjects;object0137;137
CbeTest;ManyObjects;object0138;138
CbeTest;ManyObjects;object0139;139
CbeTest;ManyObjects;object0140;140
CbeTest;ManyObjects;object0141;141
CbeTest;ManyObjects;object0142;142
CbeTest;ManyObjects;object0143;143
CbeTest;ManyObjects;object0144;144
CbeTest;ManyObjects;object0145;145
CbeTest;ManyObjects;object0146;146
CbeTest;ManyObjects;object0147;147
CbeTest;ManyObjects;object0148;148
CbeTest;ManyObjects;object0149;149
CbeTest;ManyObjects;object0150;150
CbeTest;ManyObjects;object0151;151
CbeTest;ManyObjects;object0152;152
CbeTest;ManyObjects;object0153;153
CbeTest;ManyObjects;object0154;154
CbeTest;ManyObjects;object0155;155
CbeTest;ManyObjects;object0156;156
CbeTest;ManyObjects;object0157;157
CbeTest;ManyObjects;object0158;158
CbeTest;ManyObjects;object0159;159
CbeTest;ManyObjects;object0160;160
CbeTest;ManyObjects;object0161;161
CbeTest;ManyObjects;object0162;162
CbeTest;ManyObjects;object0163;163
CbeTest;ManyObjects;object0164;164
CbeTest;ManyObjects;object0165;165
CbeTest;ManyObjects;object0166;166
CbeTest;ManyObjects;object0167;167
CbeTest;ManyObjects;object0168;168
CbeTest;ManyObjects;object0169;169
CbeTest;ManyObjects;object0170;170
CbeTest;ManyObjects;object0171;171
CbeTest;ManyObjects;object0172;172
CbeTest;ManyObjects;object0173;173
CbeTest;ManyObjects;object0174;174
CbeTest;ManyObjects;object0175;175
CbeTest;ManyObjects;object0176;176
CbeTest;ManyObjects;object0177;177
CbeTest;ManyObjects;object0178;178
CbeTest;ManyObjects;object0179;179
CbeTest;ManyObjects;object0180;180
CbeTest;ManyObjects;object0181;181
CbeTest;ManyObjects;object0182;182
CbeTest;ManyObjects;object0183;183
CbeTest;ManyObjects;object0184;184
CbeTest;ManyObjects;object0185;185
CbeTest;ManyObjects;object0186;186
CbeTest;ManyObjects;object0187;187
CbeTest;ManyObjects;object0188;188
CbeTest;ManyObjects;object0189;189
CbeTest;ManyObjects;object0190;190
CbeTest;ManyObjects;object0191;191
CbeTest;ManyObjects;object0192;192
CbeTest;ManyObjects;object0193;193
CbeTest;ManyObjects;object0194;194
CbeTest;ManyObjects;object0195;195
CbeTest;ManyObjects;object0196;196
CbeTest;ManyObjects;object0197;197
CbeTest;ManyObjects;object0198;198
CbeTest;ManyObjects;object0199;199
CbeTest;ManyObjects;object0200;200
CbeTest;ManyObjects;object0201;201
CbeTest;ManyObjects;object0202;202
CbeTest;ManyObjects;object0203;203
CbeTest;ManyObjects;object0204;204
CbeTest;ManyObjects;object0205;205
CbeTest;ManyObjects;object0206;206
CbeTest;ManyObjects;object0207;207
CbeTest;ManyObjects;object0208;208
CbeTest;ManyObjects;object0209;209
CbeTest;ManyObjects;object0210;210
CbeTest;ManyObjects;object0211;211
CbeTest;ManyObjects;object0212;212
CbeTest;ManyObjects;object0213;213
CbeTest;ManyObjects;object0214;214
CbeTest;ManyObjects;object0215;215
CbeTest;ManyObjects;object0216;216
CbeTest;ManyObjects;object0217;217
CbeTest;ManyObjects;object0218;218
CbeTest;ManyObjects;object0219;219
CbeTest;ManyObjects;object0220;220
CbeTest;ManyObjects;object0221;221
CbeTest;ManyObjects;object0222;222
CbeTest;ManyObjects;object0223;223
CbeTest;ManyObjects;object0224;224
CbeTest;ManyObjects;object0225;225
CbeTest;ManyObjects;object0226;226
CbeTest;ManyObjects;object0227;227
CbeTest;ManyObjects;object0228;228
CbeTest;ManyObjects;object0229;229
CbeTest;ManyObjects;object0230;230
CbeTest;ManyObjects;object0231;231
CbeTest;ManyObjects;object0232;232
CbeTest;ManyObjects;object0233;233
CbeTest;ManyObjects;object0234;234
CbeTest;ManyObjects;object0235;235
CbeTest;ManyObjects;object0236;236
CbeTest;ManyObjects;object0237;237
CbeTest;ManyObjects;object0238;238
CbeTest;ManyObjects;object0239;239
CbeTest;ManyObjects;object0240;240
CbeTest;ManyObjects;object0241;241
CbeTest;ManyObjects;object0242;242
CbeTest;ManyObjects;object0243;243
CbeTest;ManyObjects;object0244;244
CbeTest;ManyObjects;object0245;245
CbeTest;ManyObjects;object0246;246
CbeTest;ManyObjects;object0247;247
CbeTest;ManyObjects;object0248;248
CbeTest;ManyObjects;object0249;249
CbeTest;ManyObjects;object0250;250
CbeTest;ManyObjects;object0251;251
CbeTest;ManyObjects;object0252;252
CbeTest;ManyObjects;object0253;253
CbeTest;ManyObjects;object0254;254
CbeTest;ManyObjects;object0255;255
CbeTest;ManyObjects;object0256;256
CbeTest;ManyObjects;object0257;257
CbeTest;ManyObjects;object0258;258
CbeTest;ManyObjects;object0259;259
CbeTest;ManyObjects;object0260;260
CbeTest;ManyObjects;object0261;261
CbeTest;ManyObjects;object0262;262
CbeTest;ManyObjects;object0263;263
CbeTest;ManyObjects;object0264;264
CbeTest;ManyObjects;object0265;265
CbeTest;ManyObjects;object0266;266
CbeTest;ManyObjects;object0267;267
CbeTest;ManyObjects;object0268;268
CbeTest;ManyObjects;object0269;269
CbeTest;ManyObjects;object0270;270
CbeTest;ManyObjects;object0271;271
CbeTest;ManyObjects;object0272;272
CbeTest;ManyObjects;object0273;273
CbeTest;ManyObjects;object0274;274
CbeTest;ManyObjects;object0275;275
CbeTest;ManyObjects;object0276;276
CbeTest;ManyObjects;object0277;277
CbeTest;ManyObjects;object0278;278
CbeTest;ManyObjects;object0279;279
CbeTest;ManyObjects;object0280;280
CbeTest;ManyObjects;object0281;281
CbeTest;ManyObjects;object0282;282
CbeTest;ManyObjects;object0283;283
CbeTest;ManyObjects;object0284;284
CbeTest;ManyObjects;object0285;285
CbeTest;ManyObjects;object0286;286
CbeTest;ManyObjects;object0287;287
CbeTest;ManyObjects;object0288;288
CbeTest;ManyObjects;object0289;289
CbeTest;ManyObjects;object0290;290
CbeTest;ManyObjects;object0291;291
CbeTest;ManyObjects;object0292;292
CbeTest;ManyObjects;object0293;293
CbeTest;ManyObjects;object0294;294
CbeTest;ManyObjects;object0295;295
CbeTest;ManyObjects;object0296;296
CbeTest;ManyObjects;object0297;297
CbeTest;ManyObjects;object0298;298
CbeTest;ManyObjects;object0299;299
CbeTest;ManyObjects;object0300;300
CbeTest;ManyObjects;object0301;301
CbeTest;ManyObjects;object0302;302
CbeTest;ManyObjects;object0303;303
CbeTest;ManyObjects;object0304;304
CbeTest;ManyObjects;object0305;305
CbeTest;ManyObjects;object0306;306
CbeTest;ManyObjects;object0307;307
CbeTest;ManyObjects;object0308;308
CbeTest;ManyObjects;object0309;309
CbeTest;ManyObjects;object0310;310
CbeTest;ManyObjects;object0311;311
CbeTest;ManyObjects;object0312;312
CbeTest;ManyObjects;object0313;313
CbeTest;ManyObjects;object0314;314
CbeTest;ManyObjects;object0315;315
CbeTest;ManyObjects;object0316;316
CbeTest;ManyObjects;object0317;317
CbeTest;ManyObjects;object0318;318
CbeTest;ManyObjects;object0319;319
CbeTest;ManyObjects;object0320;320
CbeTest;ManyObjects;object0321;321
CbeTest;ManyObjects;object0322;322
CbeTest;ManyObjects;object0323;323
CbeTest;ManyObjects;object0324;324
CbeTest;ManyObjects;object0325;325
CbeTest;ManyObjects;object0326;326
CbeTest;ManyObjects;object0327;327
CbeTest;ManyObjects;object0328;328
CbeTest;ManyObjects;object0329;329
CbeTest;ManyObjects;object0330;330
CbeTest;ManyObjects;object0331;331
CbeTest;ManyObjects;object0332;332
CbeTest;ManyObjects;object0333;333
CbeTest;ManyObjects;object0334;334
CbeTest;ManyObjects;object0335;335
CbeTest;ManyObjects;object0336;336
CbeTest;ManyObjects;object0337;337
CbeTest;ManyObjects;object0338;338
CbeTest;ManyObjects;object0339;339
CbeTest;ManyObjects;object0340;340
CbeTest;ManyObjects;object0341;341
CbeTest;ManyObjects;object0342;342
CbeTest;ManyObjects;object0343;343
CbeTest;ManyObjects;object0344;344
CbeTest;ManyObjects;object0345;345
CbeTest;ManyObjects;object0346;346
CbeTest;ManyObjects;object0347;347
CbeTest;ManyObjects;object0348;348
CbeTest;ManyObjects;object0349;349
CbeTest;ManyObjects;object0350;350
CbeTest;ManyObjects;object0351;351
CbeTest;ManyObjects;object0352;352
CbeTest;ManyObjects;object0353;353
CbeTest;ManyObjects;object0354;354
CbeTest;ManyObjects;object0355;355
CbeTest;ManyObjects;object0356;356
CbeTest;ManyObjects;object0357;357
CbeTest;ManyObjects;object0358;358
CbeTest;ManyObjects;object0359;359
CbeTest;ManyObjects;object0360;360
CbeTest;ManyObjects;object0361;361
CbeTest;ManyObjects;object0362;362
CbeTest;ManyObjects;object0363;363
CbeTest;ManyObjects;object0364;364
CbeTest;ManyObjects;object0365;365
CbeTest;ManyObjects;object0366;366
CbeTest;ManyObjects;object0367;367
CbeTest;ManyObjects;object0368;368
CbeTest;ManyObjects;object0369;369
CbeTest;ManyObjects;object0370;370
CbeTest;ManyObjects;object0371;371
CbeTest;ManyObjects;object0372;372
CbeTest;ManyObjects;object0373;373
CbeTest;ManyObjects;object0374;374
CbeTest;ManyObjects;object0375;375
CbeTest;ManyObjects;object0376;376
CbeTest;ManyObjects;object0377;377
CbeTest;ManyObjects;object0378;378
CbeTest;ManyObjects;object0379;379
CbeTest;ManyObjects;object0380;380
CbeTest;ManyObjects;object0381;381
CbeTest;ManyObjects;object0382;382
CbeTest;ManyObjects;object0383;383
CbeTest;ManyObjects;object0384;384
CbeTest;ManyObjects;object0385;385
CbeTest;ManyObjects;object0386;386
CbeTest;ManyObjects;object0387;387
CbeTest;ManyObjects;object0388;388
CbeTest;ManyObjects;object0389;389
CbeTest;ManyObjects;object0390;390
CbeTest;ManyObjects;object0391;391
CbeTest;ManyObjects;object0392;392
CbeTest;ManyObjects;object0393;393
CbeTest;ManyObjects;object0394;394
CbeTest;ManyObjects;object0395;395
CbeTest;ManyObjects;object0396;396
CbeTest;ManyObjects;object0397;397
CbeTest;ManyObjects;object0398;398
CbeTest;ManyObjects;object0399;399
CbeTest;ManyObjects;object0400;400
CbeTest;ManyObjects;object0401;401
CbeTest;ManyObjects;object0402;402
CbeTest;ManyObjects;object0403;403
CbeTest;ManyObjects;object0404;404
CbeTest;ManyObjects;object0405;405
CbeTest;ManyObjects;object0406;406
CbeTest;ManyObjects;object0407;407
CbeTest;ManyObjects;object0408;408
CbeTest;ManyObjects;object0409;409
CbeTest;ManyObjects;object0410;410
CbeTest;ManyObjects;object0411;411
CbeTest;ManyObjects;object0412;412
CbeTest;ManyObjects;object0413;413
CbeTest;ManyObjects;object0414;414
CbeTest;ManyObjects;object0415;415
CbeTest;ManyObjects;object0416;416
CbeTest;ManyObjects;object0417;417
CbeTest;ManyObjects;object0418;418
CbeTest;ManyObjects;object0419;419
CbeTest;ManyObjects;object0420;420
CbeTest;ManyObjects;object0421;421
CbeTest;ManyObjects;object0422;422
CbeTest;ManyObjects;object0423;423
CbeTest;ManyObjects;object0424;424
CbeTest;ManyObjects;object0425;425
CbeTest;ManyObjects;object0426;426
CbeTest;ManyObjects;object0427;427
CbeTest;ManyObjects;object0428;428
CbeTest;ManyObjects;object0429;429
CbeTest;ManyObjects;object0430;430
CbeTest;ManyObjects;object0431;431
CbeTest;ManyObjects;object0432;432
CbeTest;ManyObjects;object0433;433
CbeTest;ManyObjects;object0434;434
CbeTest;ManyObjects;object0435;435
CbeTest;ManyObjects;object0436;436
CbeTest;ManyObjects;object0437;437
CbeTest;ManyObjects;object0438;438
CbeTest;ManyObjects;object0439;439
CbeTest;ManyObjects;object0440;440
CbeTest;ManyObjects;object0441;441
CbeTest;ManyObjects;object0442;442
CbeTest;ManyObjects;object0443;443
CbeTest;ManyObjects;object0444;444
CbeTest;ManyObjects;object0445;445
CbeTest;ManyObjects;object0446;446
CbeTest;ManyObjects;object0447;447
CbeTest;ManyObjects;object0448;448
CbeTest;ManyObjects;object0449;449
CbeTest;ManyObjects;object0450;450
CbeTest;ManyObjects;object0451;451
CbeTest;ManyObjects;object0452;452
CbeTest;ManyObjects;object0453;453
CbeTest;ManyObjects;object0454;454
CbeTest;ManyObjects;object0455;455
CbeTest;ManyObjects;object0456;456
CbeTest;ManyObjects;object0457;457
CbeTest;ManyObjects;object0458;458
CbeTest;ManyObjects;object0459;459
CbeTest;ManyObjects;object0460;460
CbeTest;ManyObjects;object0461;461
CbeTest;ManyObjects;object0462;462
CbeTest;ManyObjects;object0463;463
CbeTest;ManyObjects;object0464;464
CbeTest;ManyObjects;object0465;465
CbeTest;ManyObjects;object0466;466
CbeTest;ManyObjects;object0467;467
CbeTest;ManyObjects;object0468;468
CbeTest;ManyObjects;object0469;469
CbeTest;ManyObjects;object0470;470
CbeTest;ManyObjects;object0471;471
CbeTest;ManyObjects;object0472;472
CbeTest;ManyObjects;object0473;473
CbeTest;ManyObjects;object0474;474
CbeTest;ManyObjects;object0475;475
CbeTest;ManyObjects;object0476;476
CbeTest;ManyObjects;object0477;477
CbeTest;ManyObjects;object0478;478
CbeTest;ManyObjects;object0479;479
CbeTest;ManyObjects;object0480;480
CbeTest;ManyObjects;object0481;481
CbeTest;ManyObjects;object0482;482
CbeTest;ManyObjects;object0483;483
CbeTest;ManyObjects;object0484;484
CbeTest;ManyObjects;object0485;485
CbeTest;ManyObjects;object0486;486
CbeTest;ManyObjects;object0487;487
CbeTest;ManyObjects;object0488;488
CbeTest;ManyObjects;object0489;489
CbeTest;ManyObjects;object0490;490
CbeTest;ManyObjects;object0491;491
CbeTest;ManyObjects;object0492;492
CbeTest;ManyObjects;object0493;493
CbeTest;ManyObjects;object0494;494
CbeTest;ManyObjects;object0495;495
CbeTest;ManyObjects;object0496;496
CbeTest;ManyObjects;object0497;497
CbeTest;ManyObjects;object0498;498
CbeTest;ManyObjects;object0499;499
CbeTest;ManyObjects;object0500;500
CbeTest;ManyObjects;object0501;501
CbeTest;ManyObjects;object0502;502
CbeTest;ManyObjects;object0503;503
CbeTest;ManyObjects;object0504;504
CbeTest;ManyObjects;object0505;505
CbeTest;ManyObjects;object0506;506
CbeTest;ManyObjects;object0507;507
CbeTest;ManyObjects;object0508;508
CbeTest;ManyObjects;object0509;509
CbeTest;ManyObjects;object0510;510
CbeTest;ManyObjects;object0511;511
CbeTest;ManyObjects;object0512;512
CbeTest;ManyObjects;object0513;513
CbeTest;ManyObjects;object0514;514
CbeTest;ManyObjects;object0515;515
CbeTest;ManyObjects;object0516;516
CbeTest;ManyObjects;object0517;517
CbeTest;ManyObjects;object0518;518
CbeTest;ManyObjects;object0519;519
CbeTest;ManyObjects;object0520;520
CbeTest;ManyObjects;object0521;521
CbeTest;ManyObjects;object0522;522
CbeTest;ManyObjects;object0523;523
CbeTest;ManyObjects;object0524;524
CbeTest;ManyObjects;object0525;525
CbeTest;ManyObjects;object0526;526
CbeTest;ManyObjects;object0527;527
CbeTest;ManyObjects;object0528;528
CbeTest;ManyObjects;object0529;529
CbeTest;ManyObjects;object0530;530
CbeTest;ManyObjects;object0531;531
CbeTest;ManyObjects;object0532;532
CbeTest;ManyObjects;object0533;533
CbeTest;ManyObjects;object0534;534
CbeTest;ManyObjects;object0535;535
CbeTest;ManyObjects;object0536;536
CbeTest;ManyObjects;object0537;537
CbeTest;ManyObjects;object0538;538
CbeTest;ManyObjects;object0539;539
CbeTest;ManyObjects;object0540;540
CbeTest;ManyObjects;object0541;541
CbeTest;ManyObjects;object0542;542
CbeTest;ManyObjects;object0543;543
CbeTest;ManyObjects;object0544;544
CbeTest;ManyObjects;object0545;545
CbeTest;ManyObjects;object0546;546
CbeTest;ManyObjects;object0547;547
CbeTest;ManyObjects;object0548;548
CbeTest;ManyObjects;object0549;549
CbeTest;ManyObjects;object0550;550
CbeTest;ManyObjects;object0551;551
CbeTest;ManyObjects;object0552;552
CbeTest;ManyObjects;object0553;553
CbeTest;ManyObjects;object0554;554
CbeTest;ManyObjects;object0555;555
CbeTest;ManyObjects;object0556;556
CbeTest;ManyObjects;object0557;557
CbeTest;ManyObjects;object0558;558
CbeTest;ManyObjects;object0559;559
CbeTest;ManyObjects;object0560;560
CbeTest;ManyObjects;object0561;561
CbeTest;ManyObjects;object0562;562
CbeTest;ManyObjects;object0563;563
CbeTest;ManyObjects;object0564;564
CbeTest;ManyObjects;object0565;565
CbeTest;ManyObjects;object0566;566
CbeTest;ManyObjects;object0567;567
CbeTest;ManyObjects;object0568;568
CbeTest;ManyObjects;object0569;569
CbeTest;ManyObjects;object0570;570
CbeTest;ManyObjects;object0571;571
CbeTest;ManyObjects;object0572;572
CbeTest;ManyObjects;object0573;573
CbeTest;ManyObjects;object0574;574
CbeTest;ManyObjects;object0575;575
CbeTest;ManyObjects;object0576;576
CbeTest;ManyObjects;object0577;577
CbeTest;ManyObjects;object0578;578
CbeTest;ManyObjects;object0579;579
CbeTest;ManyObjects;object0580;580
CbeTest;ManyObjects;object0581;581
CbeTest;ManyObjects;object0582;582
CbeTest;ManyObjects;object0583;583
CbeTest;ManyObjects;object0584;584
CbeTest;ManyObjects;object0585;585
CbeTest;ManyObjects;object0586;586
CbeTest;ManyObjects;object0587;587
CbeTest;ManyObjects;object0588;588
CbeTest;ManyObjects;object0589;589
CbeTest;ManyObjects;object0590;590
CbeTest;ManyObjects;object0591;591
CbeTest;ManyObjects;object0592;592
CbeTest;ManyObjects;object0593;593
CbeTest;ManyObjects;object0594;594
CbeTest;ManyObjects;object0595;595
CbeTest;ManyObjects;object0596;596
CbeTest;ManyObjects;object0597;597
CbeTest;ManyObjects;object0598;598
CbeTest;ManyObjects;object0599;599
CbeTest;ManyObjects;object0600;600
CbeTest;ManyObjects;object0601;601
CbeTest;ManyObjects;object0602;602
CbeTest;ManyObjects;object0603;603
CbeTest;ManyObjects;object0604;604
CbeTest;ManyObjects;object0605;605
CbeTest;ManyObjects;object0606;606
CbeTest;ManyObjects;object0607;607
CbeTest;ManyObjects;object0608;608
CbeTest;ManyObjects;object0609;609
CbeTest;ManyObjects;object0610;610
CbeTest;ManyObjects;object0611;611
CbeTest;ManyObjects;object0612;612
CbeTest;ManyObjects;object0613;613
CbeTest;ManyObjects;object0614;614
CbeTest;ManyObjects;object0615;615
CbeTest;ManyObjects;object0616;616
CbeTest;ManyObjects;object0617;617
CbeTest;ManyObjects;object0618;618
CbeTest;ManyObjects;object0619;619
CbeTest;ManyObjects;object0620;620
CbeTest;ManyObjects;object0621;621
CbeTest;ManyObjects;object0622;622
CbeTest;ManyObjects;object0623;623
CbeTest;ManyObjects;object0624;624
CbeTest;ManyObjects;object0625;625
CbeTest;ManyObjects;object0626;626
CbeTest;ManyObjects;object0627;627
CbeTest;ManyObjects;object0628;628
CbeTest;ManyObjects;object0629;629
CbeTest;ManyObjects;object0630;630
CbeTest;ManyObjects;object0631;631
CbeTest;ManyObjects;object0632;632
CbeTest;ManyObjects;object0633;633
CbeTest;ManyObjects;object0634;634
CbeTest;ManyObjects;object0635;635
CbeTest;ManyObjects;object0636;636
CbeTest;ManyObjects;object0637;637
CbeTest;ManyObjects;object0638;638
CbeTest;ManyObjects;object0639;639
CbeTest;ManyObjects;object0640;640
CbeTest;ManyObjects;object0641;641
CbeTest;ManyObjects;object0642;642
CbeTest;ManyObjects;object0643;643
CbeTest;ManyObjects;object0644;644
CbeTest;ManyObjects;object0645;645
CbeTest;ManyObjects;object0646;646
CbeTest;ManyObjects;object0647;647
CbeTest;ManyObjects;object0648;648
CbeTest;ManyObjects;object0649;649
CbeTest;ManyObjects;object0650;650
CbeTest;ManyObjects;object0651;651
CbeTest;ManyObjects;object0652;652
CbeTest;ManyObjects;object0653;653
CbeTest;ManyObjects;object0654;654
CbeTest;ManyObjects;object0655;655
CbeTest;ManyObjects;object0656;656
CbeTest;ManyObjects;object0657;657
CbeTest;ManyObjects;object0658;658
CbeTest;ManyObjects;object0659;659
CbeTest;ManyObjects;object0660;660
CbeTest;ManyObjects;object0661;661
CbeTest;ManyObjects;object0662;662
CbeTest;ManyObjects;object0663;663
CbeTest;ManyObjects;object0664;664
CbeTest;ManyObjects;object0665;665
CbeTest;ManyObjects;object0666;666
CbeTest;ManyObjects;object0667;667
CbeTest;ManyObjects;object0668;668
CbeTest;ManyObjects;object0669;669
CbeTest;ManyObjects;object0670;670
CbeTest;ManyObjects;object0671;671
CbeTest;ManyObjects;object0672;672
CbeTest;ManyObjects;object0673;673
CbeTest;ManyObjects;object0674;674
CbeTest;ManyObjects;object0675;675
CbeTest;ManyObjects;object0676;676
CbeTest;ManyObjects;object0677;677
CbeTest;ManyObjects;object0678;678
CbeTest;ManyObjects;object0679;679
CbeTest;ManyObjects;object0680;680
CbeTest;ManyObjects;object0681;681
CbeTest;ManyObjects;object0682;682
CbeTest;ManyObjects;object0683;683
CbeTest;ManyObjects;object0684;684
CbeTest;ManyObjects;object0685;685
CbeTest;ManyObjects;object0686;686
CbeTest;ManyObjects;object0687;687
CbeTest;ManyObjects;object0688;688
CbeTest;ManyObjects;object0689;689
CbeTest;ManyObjects;object0690;690
CbeTest;ManyObjects;object0691;691
CbeTest;ManyObjects;object0692;692
CbeTest;ManyObjects;object0693;693
CbeTest;ManyObjects;object0694;694
CbeTest;ManyObjects;object0695;695
CbeTest;ManyObjects;object0696;696
CbeTest;ManyObjects;object0697;697
CbeTest;ManyObjects;object0698;698
CbeTest;ManyObjects;object0699;699
CbeTest;ManyObjects;object0700;700
CbeTest;ManyObjects;object0701;701
CbeTest;ManyObjects;object0702;702
CbeTest;ManyObjects;object0703;703
CbeTest;ManyObjects;object0704;704
CbeTest;ManyObjects;object0705;705
CbeTest;ManyObjects;object0706;706
CbeTest;ManyObjects;object0707;707
CbeTest;ManyObjects;object0708;708
CbeTest;ManyObjects;object0709;709
CbeTest;ManyObjects;object0710;710
CbeTest;ManyObjects;object0711;711
CbeTest;ManyObjects;object0712;712
CbeTest;ManyObjects;object0713;713
CbeTest;ManyObjects;object0714;714
CbeTest;ManyObjects;object0715;715
CbeTest;ManyObjects;object0716;716
CbeTest;ManyObjects;object0717;717
CbeTest;ManyObjects;object0718;718
CbeTest;ManyObjects;object0719;719
CbeTest;ManyObjects;object0720;720
CbeTest;ManyObjects;object0721;721
CbeTest;ManyObjects;object0722;722
CbeTest;ManyObjects;object0723;723
CbeTest;ManyObjects;object0724;724
CbeTest;ManyObjects;object0725;725
CbeTest;ManyObjects;object0726;726
CbeTest;ManyObjects;object0727;727
CbeTest;ManyObjects;object0728;728
CbeTest;ManyObjects;object0729;729
CbeTest;ManyObjects;object0730;730
CbeTest;ManyObjects;object0731;731
CbeTest;ManyObjects;object0732;732
CbeTest;ManyObjects;object0733;733
CbeTest;ManyObjects;object0734;734
CbeTest;ManyObjects;object0735;735
CbeTest;ManyObjects;object0736;736
CbeTest;ManyObjects;object0737;737
CbeTest;ManyObjects;object0738;738
CbeTest;ManyObjects;object0739;739
CbeTest;ManyObjects;object0740;740
CbeTest;ManyObjects;object0741;741
CbeTest;ManyObjects;object0742;742
CbeTest;ManyObjects;object0743;743
CbeTest;ManyObjects;object0744;744
CbeTest;ManyObjects;object0745;745
CbeTest;ManyObjects;object0746;746
CbeTest;ManyObjects;object0747;747
CbeTest;ManyObjects;object0748;748
CbeTest;ManyObjects;object0749;749
CbeTest;ManyObjects;object0750;750
CbeTest;ManyObjects;object0751;751
CbeTest;ManyObjects;object0752;752
CbeTest;ManyObjects;object0753;753
CbeTest;ManyObjects;object0754;754
CbeTest;ManyObjects;object0755;755
CbeTest;ManyObjects;object0756;756
CbeTest;ManyObjects;object0757;757
CbeTest;ManyObjects;object0758;758
CbeTest;ManyObjects;object0759;759
CbeTest;ManyObjects;object0760;760
CbeTest;ManyObjects;object0761;761
CbeTest;ManyObjects;object0762;762
CbeTest;ManyObjects;object0763;763
CbeTest;ManyObjects;object0764;764
CbeTest;ManyObjects;object0765;765
CbeTest;ManyObjects;object0766;766
CbeTest;ManyObjects;object0767;767
CbeTest;ManyObjects;object0768;768
CbeTest;ManyObjects;object0769;769
CbeTest;ManyObjects;object0770;770
CbeTest;ManyObjects;object0771;771
CbeTest;ManyObjects;object0772;772
CbeTest;ManyObjects;object0773;773
CbeTest;ManyObjects;object0774;774
CbeTest;ManyObjects;object0775;775
CbeTest;ManyObjects;object0776;776
CbeTest;ManyObjects;object0777;777
CbeTest;ManyObjects;object0778;778
CbeTest;ManyObjects;object0779;779
CbeTest;ManyObjects;object0780;780
CbeTest;ManyObjects;object0781;781
CbeTest;ManyObjects;object0782;782
CbeTest;ManyObjects;object0783;783
CbeTest;ManyObjects;object0784;784
CbeTest;ManyObjects;object0785;785
CbeTest;ManyObjects;object0786;786
CbeTest;ManyObjects;object0787;787
CbeTest;ManyObjects;object0788;788
CbeTest;ManyObjects;object0789;789
CbeTest;ManyObjects;object0790;790
CbeTest;ManyObjects;object0791;791
CbeTest;ManyObjects;object0792;792
CbeTest;ManyObjects;object0793;793
CbeTest;ManyObjects;object0794;794
CbeTest;ManyObjects;object0795;795
CbeTest;ManyObjects;object0796;796
CbeTest;ManyObjects;object0797;797
CbeTest;ManyObjects;object0798;798
CbeTest;ManyObjects;object0799;799
CbeTest;ManyObjects;object0800;800
CbeTest;ManyObjects;object0801;801
CbeTest;ManyObjects;object0802;802
CbeTest;ManyObjects;object0803;803
CbeTest;ManyObjects;object0804;804
CbeTest;ManyObjects;object0805;805
CbeTest;ManyObjects;object0806;806
CbeTest;ManyObjects;object0807;807
CbeTest;ManyObjects;object0808;808
CbeTest;ManyObjects;object0809;809
CbeTest;ManyObjects;object0810;810
CbeTest;ManyObjects;object0811;811
CbeTest;ManyObjects;object0812;812
CbeTest;ManyObjects;object0813;813
CbeTest;ManyObjects;object0814;814
CbeTest;ManyObjects;object0815;815
CbeTest;ManyObjects;object0816;816
CbeTest;ManyObjects;object0817;817
CbeTest;ManyObjects;object0818;818
CbeTest;ManyObjects;object0819;819
CbeTest;ManyObjects;object0820;820
CbeTest;ManyObjects;object0821;821
CbeTest;ManyObjects;object0822;822
CbeTest;ManyObjects;object0823;823
CbeTest;ManyObjects;object0824;824
CbeTest;ManyObjects;object0825;825
CbeTest;ManyObjects;object0826;826
CbeTest;ManyObjects;object0827;827
CbeTest;ManyObjects;object0828;828
CbeTest;ManyObjects;object0829;829
CbeTest;ManyObjects;object0830;830
CbeTest;ManyObjects;object0831;831
CbeTest;ManyObjects;object0832;832
CbeTest;ManyObjects;object0833;833
CbeTest;ManyObjects;object0834;834
CbeTest;ManyObjects;object0835;835
CbeTest;ManyObjects;object0836;836
CbeTest;ManyObjects;object0837;837
CbeTest;ManyObjects;object0838;838
CbeTest;ManyObjects;object0839;839
CbeTest;ManyObjects;object0840;840
CbeTest;ManyObjects;object0841;841
CbeTest;ManyObjects;object0842;842
CbeTest;ManyObjects;object0843;843
CbeTest;ManyObjects;object0844;844
CbeTest;ManyObjects;object0845;845
CbeTest;ManyObjects;object0846;846
CbeTest;ManyObjects;object0847;847
CbeTest;ManyObjects;object0848;848
CbeTest;ManyObjects;object0849;849
CbeTest;ManyObjects;object0850;850
CbeTest;ManyObjects;object0851;851
CbeTest;ManyObjects;object0852;852
CbeTest;ManyObjects;object0853;853
CbeTest;ManyObjects;object0854;854
CbeTest;ManyObjects;object0855;855
CbeTest;ManyObjects;object0856;856
CbeTest;ManyObjects;object0857;857
CbeTest;ManyObjects;object0858;858
CbeTest;ManyObjects;object0859;859
CbeTest;ManyObjects;object0860;860
CbeTest;ManyObjects;object0861;861
CbeTest;ManyObjects;object0862;862
CbeTest;ManyObjects;object0863;863
CbeTest;ManyObjects;object0864;864
CbeTest;ManyObjects;object0865;865
CbeTest;ManyObjects;object0866;866
CbeTest;ManyObjects;object0867;867
CbeTest;ManyObjects;object0868;868
CbeTest;ManyObjects;object0869;869
CbeTest;ManyObjects;object0870;870
CbeTest;ManyObjects;object0871;871
CbeTest;ManyObjects;object0872;872
CbeTest;ManyObjects;object0873;873
CbeTest;ManyObjects;object0874;874
CbeTest;ManyObjects;object0875;875
CbeTest;ManyObjects;object0876;876
CbeTest;ManyObjects;object0877;877
CbeTest;ManyObjects;object0878;878
CbeTest;ManyObjects;object0879;879
CbeTest;ManyObjects;object0880;880
CbeTest;ManyObjects;object0881;881
CbeTest;ManyObjects;object0882;882
CbeTest;ManyObjects;object0883;883
CbeTest;ManyObjects;object0884;884
CbeTest;ManyObjects;object0885;885
CbeTest;ManyObjects;object0886;886
CbeTest;ManyObjects;object0887;887
CbeTest;ManyObjects;object0888;888
CbeTest;ManyObjects;object0889;889
CbeTest;ManyObjects;object0890;890
CbeTest;ManyObjects;object0891;891
CbeTest;ManyObjects;object0892;892
CbeTest;ManyObjects;object0893;893
CbeTest;ManyObjects;object0894;894
CbeTest;ManyObjects;object0895;895
CbeTest;ManyObjects;object0896;896
CbeTest;ManyObjects;object0897;897
CbeTest;ManyObjects;object0898;898
CbeTest;ManyObjects;object0899;899
CbeTest;ManyObjects;object0900;900
CbeTest;ManyObjects;object0901;901
CbeTest;ManyObjects;object0902;902
CbeTest;ManyObjects;object0903;903
CbeTest;ManyObjects;object0904;904
CbeTest;ManyObjects;object0905;905
CbeTest;ManyObjects;object0906;906
CbeTest;ManyObjects;object0907;907
CbeTest;ManyObjects;object0908;908
CbeTest;ManyObjects;object0909;909
CbeTest;ManyObjects;object0910;910
CbeTest;ManyObjects;object0911;911
CbeTest;ManyObjects;object0912;912
CbeTest;ManyObjects;object0913;913
CbeTest;ManyObjects;object0914;914
CbeTest;ManyObjects;object0915;915
CbeTest;ManyObjects;object0916;916
CbeTest;ManyObjects;object0917;917
CbeTest;ManyObjects;object0918;918
CbeTest;ManyObjects;object0919;919
CbeTest;ManyObjects;object0920;920
CbeTest;ManyObjects;object0921;921
CbeTest;ManyObjects;object0922;922
CbeTest;ManyObjects;object0923;923
CbeTest;ManyObjects;object0924;924
CbeTest;ManyObjects;object0925;925
CbeTest;ManyObjects;object0926;926
CbeTest;ManyObjects;object0927;927
CbeTest;ManyObjects;object0928;928
CbeTest;ManyObjects;object0929;929
CbeTest;ManyObjects;object0930;930
CbeTest;ManyObjects;object0931;931
CbeTest;ManyObjects;object0932;932
CbeTest;ManyObjects;object0933;933
CbeTest;ManyObjects;object0934;934
CbeTest;ManyObjects;object0935;935
CbeTest;ManyObjects;object0936;936
CbeTest;ManyObjects;object0937;937
CbeTest;ManyObjects;object0938;938
CbeTest;ManyObjects;object0939;939
CbeTest;ManyObjects;object0940;940
CbeTest;ManyObjects;object0941;941
CbeTest;ManyObjects;object0942;942
CbeTest;ManyObjects;object0943;943
CbeTest;ManyObjects;object0944;944
CbeTest;ManyObjects;object0945;945
CbeTest;ManyObjects;object0946;946
CbeTest;ManyObjects;object0947;947
CbeTest;ManyObjects;object0948;948
CbeTest;ManyObjects;object0949;949
CbeTest;ManyObjects;object0950;950
CbeTest;ManyObjects;object0951;951
CbeTest;ManyObjects;object0952;952
CbeTest;ManyObjects;object0953;953
CbeTest;ManyObjects;object0954;954
CbeTest;ManyObjects;object0955;955
CbeTest;ManyObjects;object0956;956
CbeTest;ManyObjects;object0957;957
CbeTest;ManyObjects;object0958;958
CbeTest;ManyObjects;object0959;959
CbeTest;ManyObjects;object0960;960
CbeTest;ManyObjects;object0961;961
CbeTest;ManyObjects;object0962;962
CbeTest;ManyObjects;object0963;963
CbeTest;ManyObjects;object0964;964
CbeTest;ManyObjects;object0965;965
CbeTest;ManyObjects;object0966;966
CbeTest;ManyObjects;object0967;967
CbeTest;ManyObjects;object0968;968
CbeTest;ManyObjects;object0969;969
CbeTest;ManyObjects;object0970;970
CbeTest;ManyObjects;object0971;971
CbeTest;ManyObjects;object0972;972
CbeTest;ManyObjects;object0973;973
CbeTest;ManyObjects;object0974;974
CbeTest;ManyObjects;object0975;975
CbeTest;ManyObjects;object0976;976
CbeTest;ManyObjects;object0977;977
CbeTest;ManyObjects;object0978;978
CbeTest;ManyObjects;object0979;979
CbeTest;ManyObjects;object0980;980
CbeTest;ManyObjects;object0981;981
CbeTest;ManyObjects;object0982;982
CbeTest;ManyObjects;object0983;983
CbeTest;ManyObjects;object0984;984
CbeTest;ManyObjects;object0985;985
CbeTest;ManyObjects;object0986;986
CbeTest;ManyObjects;object0987;987
CbeTest;ManyObjects;object0988;988
CbeTest;ManyObjects;object0989;989
CbeTest;ManyObjects;object0990;990
CbeTest;ManyObjects;object0991;991
CbeTest;ManyObjects;object0992;992
CbeTest;ManyObjects;object0993;993
CbeTest;ManyObjects;object0994;994
CbeTest;ManyObjects;object0995;995
CbeTest;ManyObjects;object0996;996
CbeTest;ManyObjects;object0997;997
CbeTest;ManyObjects;object0998;998
CbeTest;ManyObjects;object0999;999
CbeTest;ManyObjects;object1000;1000
CbeTest;ManyObjects;object1001;1001
CbeTest;ManyObjects;object1002;1002
CbeTest;ManyObjects;object1003;1003
CbeTest;ManyObjects;object1004;1004
CbeTest;ManyObjects;object1005;1005
CbeTest;ManyObjects;object1006;1006
CbeTest;ManyObjects;object1007;1007
CbeTest;ManyObjects;object1008;1008
CbeTest;ManyObjects;object1009;1009
CbeTest;ManyObjects;object1010;1010
CbeTest;ManyObjects;object1011;1011
CbeTest;ManyObjects;object1012;1012
CbeTest;ManyObjects;object1013;1013
CbeTest;ManyObjects;object1014;1014
CbeTest;ManyObjects;object1015;1015
CbeTest;ManyObjects;object1016;1016
CbeTest;ManyObjects;object1017;1017
CbeTest;ManyObjects;object1018;1018
CbeTest;ManyObjects;object1019;1019
CbeTest;ManyObjects;object1020;1020
CbeTest;ManyObjects;object1021;1021
CbeTest;ManyObjects;object1022;1022
CbeTest;ManyObjects;object1023;1023
CbeTest;ManyObjects;object1024;1024
CbeTest;ManyObjects;object1025;1025
CbeTest;ManyObjects;object1026;1026
CbeTest;ManyObjects;object1027;1027
CbeTest;ManyObjects;object1028;1028
CbeTest;ManyObjects;object1029;1029
CbeTest;ManyObjects;object1030;1030
CbeTest;ManyObjects;object1031;1031
CbeTest;ManyObjects;object1032;1032
CbeTest;ManyObjects;object1033;1033
CbeTest;ManyObjects;object1034;1034
CbeTest;ManyObjects;object1035;1035
CbeTest;ManyObjects;object1036;1036
CbeTest;ManyObjects;object1037;1037
CbeTest;ManyObjects;object1038;1038
CbeTest;ManyObjects;object1039;1039
CbeTest;ManyObjects;object1040;1040
CbeTest;ManyObjects;object1041;1041
CbeTest;ManyObjects;object1042;1042
CbeTest;ManyObjects;object1043;1043
CbeTest;ManyObjects;object1044;1044
CbeTest;ManyObjects;object1045;1045
CbeTest;ManyObjects;object1046;1046
CbeTest;ManyObjects;object1047;1047
CbeTest;ManyObjects;object1048;1048
CbeTest;ManyObjects;object1049;1049
CbeTest;ManyObjects;object1050;1050
CbeTest;ManyObjects;object1051;1051
CbeTest;ManyObjects;object1052;1052
CbeTest;ManyObjects;object1053;1053
CbeTest;ManyObjects;object1054;1054
CbeTest;ManyObjects;object1055;1055
